segment_id,script_section,start_hint,end_hint,retention_role,visual_intensity,visual_mode,on_screen_text,source_needed,chart_or_broll,motion_style,duration_hint,risk_notes,editor_notes
VM01,Ch1 - Hook mở đầu và bối cảnh World Cup 2026,"Một người thắng cược 5 triệu đồng.","Không phải để xem bóng đá, mà để kiểm tra tỷ lệ kèo.",hook,high,current-event collage + phone-glow metaphor,"World Cup 2026: 2 AM Phone Glow",yes,b-roll of 2 AM dark bedroom/glowing phone/betting odds screen,slow push-in + quick contrast cuts,35-45s,"Tránh hình ảnh mang tính kích động hoặc quá cụ thể về trang web cá độ.",Mở đầu với nhịp nhanh của Hook 2 (World Cup 2026) theo yêu cầu người dùng.
VM02,Ch1 - Bối cảnh các chuyên án Việt Nam,"Ở Việt Nam, câu chuyện không nằm trong đường dây nóng.","Lâm Đồng, 5 tỷ.",Vietnamese context,high,documentary-crime illustration,"NINH BINH: 900B | DANANG: 20B | HUNG YEN: 11B | LAM DONG: 5B",yes,stacked folders on desk with glowing VN flag labels,vertical drop of prison bars,20-30s,"Không hiển thị logo trang web cá độ lậu cụ thể; chỉ dùng số liệu từ chuyên án công an.",Đặc tả số liệu chuyên án Ninh Bình/Đà Nẵng/Hưng Yên/Lâm Đồng để tăng tính địa phương.
VM03,Ch1 - Thực tế nợ nần gia đình Việt Nam,"Đằng sau mỗi đường dây là hàng trăm gia đình","bằng một tin nhắn đòi nợ từ số lạ.",emotional relevance,medium-high,noir drama illustration,"DEBT DUE: Family impact",no,b-roll of dark kitchen/textbook/vibrating smartphone screen,slow zoom-out + steady hold,25-35s,"Tránh visual gây hoảng loạn; tập trung vào sự im lặng đáng sợ.",Làm nổi bật nỗi đau thầm lặng trong gia đình Việt Nam.
VM04,Ch2 - Tim đập 94 bpm lúc 2 AM ngồi sofa,"Phút 87. Đội bạn dẫn 1-0.","Nhanh bằng lúc bạn chạy bộ nhẹ.",personal physical shock,high,smartwatch-led physical metaphor,"HEART RATE: 94 BPM (2 AM Sofa)",yes,close-up of smartwatch glowing neon amber on wrist in dark room,steady shot + numbers pulsing,20-30s,"Không so sánh nhầm với vận động viên chạy nhanh 150 bpm. Chỉ là chạy bộ nhẹ.",Sửa lỗi 94 bpm ở sofa thành chạy bộ nhẹ theo phản hồi người dùng.
VM05,Ch2 - Gambler's Fallacy & thiên kiến xác nhận,"Tuấn bắt đầu bằng 200 nghìn một trận","Bạn phân tích để xác nhận điều bạn muốn tin.",cognitive bias reveal,medium,analytical dashboard split,"GAMBLER'S FALLACY vs CONFIRMATION BIAS",no,betting history spreadsheet vs glowing trophy target,dolly shot + overlay highlights,40-50s,"Không làm chart quá phức tạp; giữ ở dạng đồ họa vector phẳng tối giản.",Phân tích ảo tưởng tìm quy luật trong chuỗi ngẫu nhiên.
VM06,Ch3 - Thần kinh học: Wanting vs Liking,"Hầu hết mọi người tin rằng dopamine","Hai hệ thống này nằm ở hai vùng giải phẫu khác nhau",neuroscience intro,medium,3D-like brain vector outline,"WANTING vs LIKING (Kent Berridge 1993)",yes,split brain model highlighting VTA-Accumbens vs pleasure hotspots,slow orbit zoom,35-45s,"Mô tả chính xác giải phẫu thần kinh theo tài liệu khoa học.",Làm rõ dopamine mã hóa thèm khát chứ không phải niềm vui.
VM07,Ch3 - Mesolimbic Dopamine Highway & Reward Prediction Error,"Wanting được điều phối bởi mạng lưới dopamine","Đó là Wanting thuần túy.",neural mechanism,high,dopamine circuit animation,"REWARD PREDICTION ERROR: P(x) = 50%",yes,neural synapse firing cyan sparks + 50% probability dial,tracking shot along highway,45-55s,"Tránh visual quá phức tạp hoặc mang màu sắc kỳ ảo.",Giải thích cơ chế dự báo phần thưởng đạt đỉnh ở mức 50% không chắc chắn.
VM08,Ch4 - fMRI & Hiện tượng suýt trúng (Near Misses),"Phút 89. Quả sút phạt ngoài vòng cấm.","Não bộ không phân biệt \"suýt thắng\" và \"đã thắng.\"",contagion spike,high,fMRI scanner + goalpost match cut,"NEAR MISS: Ventral Striatum Activation",yes,fMRI brain scan flashing magenta in Ventral Striatum upon post hit,goalpost impact to brain flash match,35-45s,"Mô tả đúng nghiên cứu fMRI năm 2009 của Luke Clark.",Match cut từ quả bóng đập cột dọc sang vùng não bùng sáng.
VM09,Ch4 - rACC đánh tráo ý nghĩa & Skinner Pigeon,"Ở chiều sâu hơn, vỏ não đai trước","Không phải vì bạn tin mình sẽ thắng.",design flaw reveal,high,blackboard math + Skinner cage,"INTERMITTENT REINFORCEMENT: B.F. Skinner",yes,pigeon pecking glowing magenta button in cage + "ALMOST CORRECT" chalk,pan from chalkboard to pigeon cage,40-50s,"Giữ hình ảnh chim bồ câu Skinner đơn giản, tránh rối rắm.",Giải thích củng cố ngắt quãng: phần thưởng ngẫu nhiên củng cố hành vi bền bỉ nhất.
VM10,Ch5 - Ảo tưởng kiểm soát của Langer (thí nghiệm vé số),"Mở app cá cược trên điện thoại.","Langer gọi đó là ảo tưởng kiểm soát.",psychological bias,medium,raffle tickets comparison,"ILLUSION OF CONTROL (Ellen Langer 1975)",yes,hands picking custom ticket vs randomly distributed tickets on table,top-down steady shot,30-40s,"Mô tả chính xác thí nghiệm định giá vé số của Ellen Langer năm 1975.",Vạch trần ảo tưởng ảnh hưởng kết quả ngẫu nhiên thông qua hành động chủ động.
VM11,Ch5 - Bốn yếu tố kích hoạt của Langer trên app,"Bà xác định bốn yếu tố kích hoạt","Nó tồn tại để vỏ não trước trán của bạn tin rằng bạn đang kiểm soát.",app trap breakdown,high,betting interface overlay,"1. CHOICE | 2. FAMILIARITY | 3. COMPETITION | 4. INVOLVEMENT",no,app dashboard highlighting cashout/live odds/stats menu in acid green,progressive zoom-in on menu elements,30-40s,"Trang phục Tuấn lúc lướt app phải rộng rãi, kín đáo.",Chỉ ra app cá cược gom đủ 4 yếu tố gây ảo tưởng kiểm soát của Langer.
VM12,Ch5 - Nút Cash-out và hạch hạnh nhân hạ cảnh giác,"Cược trực tiếp biến đổi cấu trúc","hàng phòng vệ sinh học của bạn đã bị hạ thấp.",biological hack,high,amygdala scan + Cash-out button,"CASH-OUT EFFECT: Amygdala Deactivation (+35%)",yes,glowing green Cash-out button on screen + fading green amygdala scan,pan from phone to brain scan,35-45s,"Mô tả đúng nghiên cứu của Bennett năm 2024 về Cash-out làm tăng 35% bet size.",Vạch trần Cash-out thực chất làm giảm sự cảnh giác sinh học để người chơi cược nhiều hơn.
VM13,Ch6 - Epictetus & Phân đôi kiểm soát,"Khoảng 2.000 năm trước","Tất cả nằm trong tầm kiểm soát.",philosophical shift,medium,philosophical statue + scale,"DICHOTOMY OF CONTROL: Epictetus",yes,weathered stone bust of Epictetus next to balanced scale on wood,slow zoom-in on Epictetus face,35-45s,"Trang phục Epictetus/lao động nếu có phải rộng rãi, flowing robes.",Đưa triết học Stoic làm mỏ neo đầu tiên để hóa giải ảo tưởng kiểm soát.
VM14,Ch6 - Vô thường (Anicca) & Tham ái (Tanha),"Nhưng khi một người xem bóng đá","Thu hẹp khoảng cách đó, và bạn thu hẹp nỗi đau.",eastern philosophy,medium,zen garden + sanskrit/roman text,"ANICCA (Impermanence) & TANHA (Craving)",yes,Zen rock garden with combed sand + carved "ANICCA/TANHA" on stone wall,slow orbit around Zen stones,40-50s,"Tránh hình ảnh Phật giáo tôn giáo quá đà; giữ ở mức triết học tinh giản.",Kết hợp Phật giáo và thần kinh học giải thích Tanha chính là Wanting.
VM15,Ch7 - Liệu pháp CBT & dlPFC ức chế DMN,"Ngón tay bạn đang lướt trên app","Bạn đang dùng một phần não để tắt một phần não khác.",practical solution,medium-high,CBT diagram + prefrontal cortex scan,"dlPFC ACTIVATION: Inhibiting the Default Mode Network",yes,dlPFC region glowing sage green sending inhibition rays to PCC (DMN),dolly shot along neural pathways,30-40s,"Mô tả chính xác vùng não dlPFC và DMN theo giải phẫu học.",Hướng dẫn hành động CBT tái cấu trúc nhận thức để cắt đứt cơn thèm.
VM16,Ch7 - Affect Labeling (Gọi tên cảm xúc) & Chánh niệm,"Và khi kết quả bất lợi xảy ra","Bạn thực sự cảm nhận được niềm vui.",practical solution 2,medium,blackboard text + sensory brain scan,"AFFECT LABELING & SENSORY CONTEXT",yes,blackboard writing "AFFECT LABELING" + sensory cortex glowing green,steady hold on chalkboard then dissolve,35-45s,"Giữ visual đơn giản, tập trung vào text.",Hướng dẫn gọi tên cảm xúc để xoa dịu amygdala và chuyển đổi sang Liking.
VM17,Ch8 - Tuấn nhìn nhận cỗ máy & Ranh giới bệnh lý,"Bạn có thể nhận ra. Nhưng liệu Tuấn có nhận ra không?","Tự tử chiếm 25% tổng số ca tử vong ở nhóm này.",pathology warning,high,dark office + medical folder,"GAMBLING DISORDER: Clinical Boundary",yes,silhouette of Tuấn next to a medical folder labeled "DISORDER" in sky blue,slow push-in on the folder,40-50s,"Đọc số liệu y khoa Na Uy chính xác: 25% tự tử, nguy cơ cao gấp 5.12 lần.",Vẽ ranh giới cực kỳ rõ ràng giữa việc tự điều chỉnh và bệnh lý cần can thiệp y khoa.
VM18,Ch8 - Hotline Việt Nam & Trả bóng đá về vẻ đẹp thuần túy,"Ở Việt Nam, đường dây nóng hỗ trợ","Liking là thứ mà cơn thèm khát không bao giờ cho bạn được.",closing payoff,medium-high,hotline card + beautiful football trajectory,"VIETNAM HEALTH HOTLINE: 1800 599 911 | LIKING",yes,hotline card with sky blue numbers + clean parabolic football arc on TV,pan from hotline card to window view of morning bamboo,35-45s,"Định vị text hotline rõ ràng trên màn hình.",Khép lại video bằng sự bình yên, Liking thuần túy khi xem bóng đá Stoic/Zen.
