segment_id,start_hint,end_hint,emotion,semantic_theme,visual_motifs,motion_style,duration_hint,notes
CH01_SC010,0:00,0:02,anxiety,social anxiety,"Starting with a steady shot of a large closed oak door at the end of a dimly lit hallway, with light leaking from the bottom crack, deep slate blue shadows",slow pan right,2.10,Bạn đứng trước một cánh cửa phòng tiệc.
CH01_SC020,0:02,0:04,anxiety,social anxiety,"A slow camera panning right showing shadows of people chatting inside a room, silhouette figures behind a frosted glass window under a dim cyan glow",slow pan right,2.62,Bên trong là hàng trăm con người đang trò chuyện.
CH01_SC030,0:04,0:06,anxiety,social anxiety,"Starting with the shadows of people, camera pans down showing thin cyan wave vectors pulsing through a wooden door",slow pan right,2.10,Tiếng cười nói râm ran dội ra ngoài.
CH01_SC040,0:06,0:08,anxiety,social anxiety,"A steady shot of an anxious young man standing frozen before the oak door, looking down anxiously, deep slate blue ambient lighting",slow pan right,2.10,"Ngay lập tức, cơ thể bạn phản ứng."
CH01_SC050,0:08,0:10,anxiety,social anxiety,"Starting with the anxious man, a close-up shot showing his hand shaking slightly, with small water drops appearing on the palm, glowing cyan highlights",slow pan right,1.31,Tim bạn đập nhanh hơn.
CH01_SC060,0:10,0:12,anxiety,social anxiety,"Starting with the shaking hand, camera slowly zooms out showing an anxious young man holding a strap of a bag tightly, looking down with a stressed face",slow pan right,1.84,Lòng bàn tay bạn đổ mồ hôi.
CH01_SC070,0:12,0:14,anxiety,social anxiety,"A close-up shot of a brass pocket compass, the needle spins rapidly and uncontrollably on a golden face with scratches held in a trembling hand, deep slate blue shadow background",slow pan right,2.36,Bạn cảm thấy một sự đè nén ngột ngạt.
CH01_SC080,0:14,0:17,anxiety,social anxiety,"Starting with the spinning needle, camera zooms out showing an anxious young man taking a deep breath and closing his eyes in a dark corridor",slow pan right,2.62,Bạn tự nhủ với bản thân: Hãy bình tĩnh lại.
CH01_SC090,0:17,0:18,anxiety,social anxiety,"A steady shot showing a close-up of a chest expanding and contracting slowly, against a dark slate blue backdrop",slow pan right,1.31,Hít một hơi thật sâu.
CH01_SC100,0:18,0:19,anxiety,social anxiety,"Starting with the chest movement, camera pans up showing an anxious young man trying to force a stiff smile",slow pan right,1.57,Cố gắng tỏ ra tự nhiên.
CH01_SC110,0:19,0:22,anxiety,social anxiety,A slow camera panning right showing a graphic illustration of a red line graph dropping sharply on a dark chalkboard,slow pan right,2.89,"Nhưng bạn nhận ra, nỗ lực đó hoàn toàn vô ích."
CH01_SC120,0:22,0:25,anxiety,social anxiety,"Starting with the red line graph, camera zooms in showing the chalk text 'CONTROL' crumbling into dust on a black surface",slow pan right,2.36,"Càng cố bình tĩnh, bạn càng thấy run rẩy."
CH01_SC130,0:25,0:27,anxiety,social anxiety,"A steady shot showing an anxious young man walking slowly past the camera into a crowded room, leaving a trail of thin cyan dust behind him",slow pan right,1.84,Và bạn bắt đầu tự trách mình.
CH01_SC140,0:27,0:29,anxiety,social anxiety,"Starting with the trail of cyan dust, a close-up showing a hand squeezing a brass pocket compass, knuckles turning white",slow pan right,2.10,Tại sao mình lại lập dị thế này?
CH01_SC150,0:29,0:31,anxiety,social anxiety,"A slow camera panning right showing a grid of multiple outline figures staring in the same direction, deep slate blue background",slow pan right,2.36,Tại sao giao tiếp lại khó khăn đến vậy?
CH01_SC160,0:31,0:33,anxiety,social anxiety,"Starting with the staring silhouettes, camera zooms in on the brass compass with the needle spinning erratically in a hand",slow pan right,1.57,Tôi muốn giải oan cho bạn.
CH01_SC170,0:33,0:35,anxiety,social anxiety,A steady shot showing a minimalist drawing of a balance scale tilting violently to one side under a heavy cyan weight,slow pan right,2.89,Nỗi lo sợ đó không phải lỗi nhân cách của bạn.
CH01_SC180,0:35,0:39,anxiety,social anxiety,"Starting with the tilted scale, camera slowly zooms out showing a person attempting to pull the scale back with a thin rope",slow pan right,3.15,Nó là một phản ứng sinh học đang chạy đúng thiết kế.
CH01_SC190,0:39,0:43,anxiety,social anxiety,"A close-up shot of the compass on a dark table, with the needle starting to slow down, glowing cyan light reflecting on the brass rim",slow pan right,3.94,Và nỗ lực ép cơ thể bình tĩnh chính là một sai lầm vật lý.
CH01_SC200,0:43,0:46,anxiety,social anxiety,"Starting with the compass, camera pans up slowly to reveal the calm narrator sitting calmly behind a dark wooden desk in a dimly lit studio",slow pan right,3.41,"Khi adrenaline đã bơm vào máu, bạn không thể hạ nhiệt lập tức."
CH01_SC210,0:46,0:51,anxiety,social anxiety,"A steady close-up shot showing the calm narrator adjusting his glasses slightly, warm studio spotlight highlights his face",slow pan right,4.99,Giống như bạn đang cố đạp phanh khi xe đang chạy ở tốc độ trăm cây số một giờ.
CH01_SC220,0:51,0:54,anxiety,social anxiety,"Starting with the narrator, camera slowly zooms out showing a glowing cyan digital card displaying the English word 'EXCITED' aligned to the bottom-right corner",slow pan right,2.89,Thứ đang phá hủy cuộc trò chuyện không phải lo âu.
CH01_SC230,0:54,0:57,anxiety,social anxiety,"A steady medium shot showing the calm narrator speaking with a calm hand gesture, dark studio background with soft cyan ambient light",slow pan right,3.67,Đó là nỗ lực vô ích nhằm kiểm soát phán xét của người khác.
CH01_SC240,0:57,1:00,anxiety,social anxiety,"Starting with the narrator, camera pans right slowly to a chalkboard with the English text 'REAPPRAISAL' written in white chalk",slow pan right,2.89,Hãy nhìn vào chiếc la bàn bỏ túi bằng đồng này.
CH01_SC250,1:00,1:02,anxiety,social anxiety,A close-up shot of the calm narrator's hand picking up a chalk piece from the desk,slow pan right,1.84,Chiếc kim đang xoay vòng vô hướng.
CH01_SC260,1:02,1:04,anxiety,social anxiety,"Starting with the hand, camera zooms out showing the calm narrator writing a vector arrow on the chalkboard",slow pan right,1.84,Giống như tâm trí bạn lúc này.
CH01_SC270,1:04,1:07,anxiety,social anxiety,"A steady shot showing a graphic diagram of a human body with glowing cyan nervous system lines, dark background",slow pan right,3.41,"Tại Harvard, các nghiên cứu đã tìm ra một nước đi ngược lại."
CH01_SC280,1:07,1:10,anxiety,social anxiety,"Starting with the body diagram, camera pans left showing a digital table displaying the English text 'DISCLAIMER' in a clean font",slow pan right,2.36,Thay vì bắt cơ thể tắt nguồn lo âu.
CH01_SC290,1:10,1:13,anxiety,social anxiety,"A close-up shot of the calm narrator nodding gently, looking directly into the camera lens with an empathetic expression",slow pan right,3.15,Họ học cách định vị lại hướng đi của kim la bàn.
CH01_SC300,1:13,1:14,anxiety,social anxiety,"Starting with the narrator's face, camera zooms out slowly to show a minimalist subscribe button graphic floating on the left side",slow pan right,1.31,"Chào bạn, đây là KenhTamLy."
CH01_SC310,1:14,1:17,anxiety,social anxiety,"A steady shot showing a hand pressing a digital button that glows with a cyan ring effect, dark background",slow pan right,2.62,"Hôm nay, chúng ta sẽ bước xuống dưới làn da."
CH01_SC320,1:17,1:20,anxiety,social anxiety,"Starting with the glowing ring, camera pans right showing the English text 'SUBSCRIBE' fade in at the bottom-right corner",slow pan right,2.89,Chúng ta sẽ giải phẫu cơ chế lo âu xã giao.
CH01_SC330,1:20,1:23,anxiety,social anxiety,"A close-up shot showing the calm narrator's hands folded on the desk, with the brass compass sitting beside them",slow pan right,3.41,Và học cách làm chủ tương tác bằng sự tự tại thực chứng.
CH01_SC340,1:23,1:29,anxiety,social anxiety,"Starting with the compass, camera zooms out slowly showing the calm narrator sitting calmly in his chair, smiling warmly",slow pan right,5.51,Lưu ý rằng phân tích ở đây không thay thế chẩn đoán y khoa về rối loạn lo âu bệnh lý.
CH01_SC350,1:29,1:32,anxiety,social anxiety,A slow camera panning right showing a stack of old leather research journals on the corner of the table,slow pan right,2.89,Nếu bạn cũng từng cảm thấy bất an trước đám đông.
CH01_SC360,1:32,1:34,anxiety,social anxiety,"Starting with the research journals, camera zooms in on the brass compass with the needle resting in the center",slow pan right,2.62,Hãy bấm đăng ký kênh và nhấn thích video này.
CH01_SC370,1:34,1:39,anxiety,social anxiety,"A steady long shot showing the calm narrator looking towards a screen, with the screen light reflecting cyan on his face",slow pan right,4.99,Hành động này giúp chúng tôi tiếp tục đồng hành cùng bạn trên hành trình thấu hiểu bản thân.
CH02_SC010,1:39,1:44,alert,neurobiology,"Starting with a steady shot of a minimalist 2D brain vector model on a dark background, with the amygdala region flashing bright red light, showing red pulses traveling down a thick spine vector, dark charcoal grey background",slow zoom-out,5.25,"Khi bạn cảm thấy lo lắng, nhịp tim của bạn tăng vọt."
CH02_SC020,1:44,1:51,alert,neurobiology,"A close-up shot showing a graphic heart vector beating rapidly, flashing bright amber lights on a dark background",slow zoom-out,6.56,Phản ứng sinh học này được gọi là trạng thái kích hoạt cao.
CH02_SC030,1:51,1:58,alert,neurobiology,"Starting with the beating heart, camera zooms out showing a flow of amber liquid rushing through abstract black pipes",slow zoom-out,6.82,"Lúc này, trực giác của bạn đưa ra một mệnh lệnh."
CH02_SC040,1:58,2:03,alert,neurobiology,"A slow camera panning right showing an anxious young man standing in a windstorm, body slightly leaning forward, dark charcoal grey silhouette",slow zoom-out,4.99,Đè nén sự lo âu giống như việc bạn cố bịt miệng một chiếc nồi áp suất đang sôi.
CH02_SC050,2:03,2:09,alert,neurobiology,"Starting with the silhouette, camera zooms in on an anxious young man's hand squeezing a small rubber ball on the desk",slow zoom-out,6.56,Sự kích hoạt sinh lý là một dòng năng lượng thực tế.
CH02_SC060,2:09,2:12,alert,neurobiology,"A steady shot showing a closed metal valve with amber steam leaking from the edges, under high pressure, charcoal grey background",slow zoom-out,2.89,Khoa học thần kinh chỉ ra một cơ chế tàn nhẫn.
CH02_SC070,2:12,2:17,alert,neurobiology,"Starting with the leaking steam, camera slowly zooms out showing a larger steam machine with a pressure dial pointing to the red warning zone",slow zoom-out,4.46,Việc cố gắng ức chế cảm xúc tiêu cực tiêu tốn rất nhiều năng lượng nhận thức.
CH02_SC080,2:17,2:20,alert,neurobiology,"A close-up shot of an anxious young man's forehead with sweat drops rolling down, lit by a harsh amber light from the side",slow zoom-out,2.89,Vỏ não trước trán của bạn sẽ nhanh chóng kiệt quệ.
CH02_SC090,2:20,2:24,alert,neurobiology,"Starting with the sweating face, camera pans down showing an anxious young man's hands clenching a paper folder tightly",slow zoom-out,4.20,"Kết quả là bạn trở nên nói nhạt, quên ý, và đờ đẫn trước đối phương."
CH02_SC100,2:24,2:29,alert,neurobiology,"A slow camera panning right showing a graph where a grey bar representing cognitive energy shrinks, with the English text 'PFC FATIGUE' on a card at the top-left",slow zoom-out,5.25,"Tại Đại học Harvard, giáo sư Alison Wood Brooks đã thực hiện một thí nghiệm thú vị vào năm 2013."
CH02_SC110,2:29,2:36,alert,neurobiology,"Starting with the shrinking graph, camera zooms in showing an anxious young man sitting with his head in his hands, cast in charcoal grey shadows",slow zoom-out,6.82,Bà yêu cầu các tình nguyện viên hát một bài hát karaoke dưới áp lực lớn.
CH02_SC120,2:36,2:41,alert,neurobiology,"A steady shot of a laboratory room with a microphone stand in the center, a soft amber spotlight illuminating the metallic grill of the mic",slow zoom-out,5.51,Một nhóm được yêu cầu tự nhủ: Tôi đang lo lắng.
CH02_SC130,2:41,2:44,alert,neurobiology,"Starting with the microphone, camera slowly zooms out showing an anxious young man walking towards it under a dim silver grey light",slow zoom-out,2.89,Và nhóm thứ ba tự tuyên bố: Tôi đang phấn khích.
CH02_SC140,2:44,2:49,alert,neurobiology,"A close-up shot of a smartphone screen showing a recording app with the wave graph flatlining, dark background",slow zoom-out,4.72,Kết quả đo đạc từ phần mềm hát chuyên dụng đã làm kinh ngạc các nhà khoa học.
CH02_SC150,2:49,2:53,alert,neurobiology,"Starting with the smartphone, camera pans right showing three paper signs on a desk with English texts 'ANXIOUS', 'CALM', and 'EXCITED' in clean print",slow zoom-out,3.67,"Nhóm tự nhủ ""tôi phấn khích"" hát đúng nhịp và đúng tông nhạc nhất."
CH02_SC160,2:53,2:57,alert,neurobiology,"A steady shot showing a column chart on a digital screen, the column labeled 'EXCITED' rises highest in a bright amber color",slow zoom-out,3.94,"Trong khi đó, nhóm cố gắng ""bình tĩnh"" lại có màn biểu diễn tệ nhất."
CH02_SC170,2:57,3:01,alert,neurobiology,"Starting with the rising column, camera zooms out to show the interface of a karaoke evaluation software showing high pitch accuracy scores",slow zoom-out,4.20,Tại sao một câu nói đơn giản lại thay đổi hoàn toàn hiệu suất sinh học?
CH02_SC180,3:01,3:07,alert,neurobiology,"A slow camera panning right showing the calm narrator speaking, pointing to a blackboard behind him in the studio",slow zoom-out,6.30,Bởi vì lo âu và phấn khích có chung một nền tảng vật lý.
CH02_SC190,3:07,3:14,alert,neurobiology,"Starting with the blackboard, camera zooms in showing the calm narrator's hand writing the English word 'EXCITATION' with white chalk",slow zoom-out,6.82,Sự khác biệt duy nhất nằm ở cái nhãn nhận thức bạn gán cho nó.
CH02_SC200,3:14,3:20,alert,neurobiology,A steady shot showing a minimalist drawing of Joy from Inside Out drawing a white chalk circle around Sadness on a dark chalkboard,slow zoom-out,6.04,Phấn khích là nhãn nhận thức về một cơ hội.
CH02_SC210,3:20,3:26,alert,neurobiology,"Starting with the chalk circle, camera pans down showing a person stepping over the circle line, entering a warmer amber space",slow zoom-out,6.04,Bạn chỉ cần định vị lại nó.
CH02_SC220,3:26,3:31,alert,neurobiology,"A close-up shot of the brass pocket compass, with the needle pointing towards a glowing amber symbol on the desk",slow zoom-out,4.99,Bạn đã từng cố gắng ép mình bình tĩnh trước một cuộc họp quan trọng và thất bại chưa?
CH02_SC230,3:31,3:37,alert,neurobiology,"Starting with the compass, camera pans up showing the calm narrator looking towards a digital monitor showing a wave graph, studio background",slow zoom-out,5.51,Hãy để lại bình luận bên dưới để chúng ta cùng giải mã cơ chế phản ứng của cơ thể bạn.
CH03_SC010,3:37,3:41,tension,salary negotiation,"Starting with a steady shot of a dark office room, a wooden table with a leather chair, a window behind casting long noir shadows",slow pan right,4.20,"Bây giờ, hãy mang cảm giác lo âu đó vào một tình huống thực tế khác."
CH03_SC020,3:41,3:44,tension,salary negotiation,"A close-up shot showing an anxious young man sitting opposite a manager silhouette, hands clenching a pen, dark charcoal grey lighting",slow pan right,3.67,Bạn đang ngồi trong phòng làm việc của sếp để đàm phán tăng lương.
CH03_SC030,3:44,3:51,tension,salary negotiation,"Starting with the clenching pen, camera slowly zooms out showing a paper contract on the desk with the English text 'SALARY' in bold print",slow pan right,6.82,Hạch hạnh nhân trong não bạn đang phát đi tín hiệu cảnh báo.
CH03_SC040,3:51,3:55,tension,salary negotiation,"A steady shot showing the shaking hands of an anxious young man as he signs the paper contract, showing extreme tension",slow pan right,4.20,"Và để thoát ra càng nhanh càng tốt, bạn đưa ra một nước đi sai lầm."
CH03_SC050,3:55,4:00,tension,salary negotiation,"Starting with the signing hand, camera pans right showing a folder labeled 'NEGOTIATION' sliding off the edge of the desk",slow pan right,4.20,Bạn vội vã đồng ý với mức đề xuất thấp đầu tiên mà sếp đưa ra.
CH03_SC060,4:00,4:04,tension,salary negotiation,"A slow camera panning right showing a graphic illustration of a person running away from a conference table, represented as a black vector silhouette",slow pan right,4.46,"Nghiên cứu mang tên ""Nervous Nellie"" vào năm 2011 đã chỉ ra chính xác hành vi này."
CH03_SC070,4:04,4:11,tension,salary negotiation,"Starting with the running silhouette, camera zooms in on a scale tilting completely towards one side under a heavy orange block",slow pan right,6.56,Những người đàm phán đang lo âu thường đưa ra các nhượng bộ rất sớm.
CH03_SC080,4:11,4:16,tension,salary negotiation,"A close-up shot of a pen tip breaking on paper, leaving a dark ink blot, warning orange accent light",slow pan right,4.99,Họ làm vậy để mua lấy sự giải tỏa cảm xúc tức thời cho bộ não đang hoảng loạn.
CH03_SC090,4:16,4:20,tension,salary negotiation,"Starting with the ink blot, camera pans up showing an anxious young man nodding hastily with a forced look of relief",slow pan right,4.46,Đàm phán lương hay thỏa thuận công việc thất bại không phải vì bạn thiếu năng lực.
CH03_SC100,4:20,4:25,tension,salary negotiation,"A steady shot showing a large glass window showing a busy city avenue outside, rain sliding down the glass pane, dark charcoal grey background",slow pan right,4.46,Nó thất bại vì bạn không quản trị được bản năng trốn chạy sinh học của mình.
CH03_SC110,4:25,4:28,tension,salary negotiation,"Starting with the window, camera pans left showing a digital tablet on the desk displaying the English letters 'B.A.T.N.A.' in a clean sans-serif font",slow pan right,3.94,Làm thế nào để neo giữ lại chiếc kim la bàn đang quay cuồng này?
CH03_SC120,4:28,4:32,tension,salary negotiation,"A close-up shot of a road sign showing two arrows pointing in different directions, lit by a sharp warning orange light",slow pan right,3.94,Khoa học đàm phán cung cấp một chiếc mỏ neo vững chắc mang tên BATNA.
CH03_SC130,4:32,4:37,tension,salary negotiation,"Starting with the road sign, camera zooms out showing a person standing at the fork of the road, looking at a second option",slow pan right,4.99,Đây là từ viết tắt của Phương án thay thế tốt nhất cho một thỏa thuận được thương lượng.
CH03_SC140,4:37,4:44,tension,salary negotiation,"A steady shot showing a second contract folder on a clean mahogany desk, labeled with the English text 'OFFER B' in white print",slow pan right,6.82,Hãy tưởng tượng bạn có một lời mời làm việc từ một công ty khác với mức lương tương đương.
CH03_SC150,4:44,4:50,tension,salary negotiation,"Starting with the second contract, camera pans left showing a hand calmly picking up a brass pocket compass, the needle pointing steadily towards the North on a golden face on the desk",slow pan right,6.04,"Khi bạn sở hữu một phương án dự phòng vững chắc, chiếc la bàn nội tâm của bạn sẽ tự động đứng yên."
CH03_SC160,4:50,4:55,tension,salary negotiation,"A close-up shot of the hand holding a brass pocket compass, the needle pointing steadily towards the North on a golden face, with the needle remaining perfectly still pointing North",slow pan right,4.99,Bạn không còn lo âu vì bạn biết mình hoàn toàn có quyền bước ra khỏi phòng đàm phán.
CH03_SC170,4:55,5:01,tension,salary negotiation,"Starting with the compass, camera slowly zooms out showing a person sitting back in their chair with a relaxed posture",slow pan right,5.25,"Sức mạnh đàm phán thực chất không đến từ sự hung dữ, mà đến từ sự tự do lựa chọn."
CH03_SC180,5:01,5:04,tension,salary negotiation,"A slow camera panning right showing a balance scale returning to a perfect horizontal level, lit by a soft orange light",slow pan right,3.15,Nhưng cuộc hội thoại xã giao không chỉ có đàm phán lương.
CH03_SC190,5:04,5:08,tension,salary negotiation,"Starting with the balanced scale, camera zooms in showing a person standing up from the negotiation table, turning away calmly",slow pan right,4.20,"Đôi khi, chúng ta mắc sai lầm và phải đối mặt với áp lực chuộc lỗi."
CH03_SC200,5:08,5:12,tension,salary negotiation,"A close-up of a contract folder being closed gently, with the desk surface showing a soft warm orange reflection",slow pan right,4.20,"Và lúc đó, cái tôi tự vệ lại đẩy chúng ta vào một bẫy sâu hơn."
CH03_SC210,5:12,5:18,tension,salary negotiation,"Starting with the closed folder, camera pans up showing the calm narrator sitting at his desk, holding a brass pocket compass in his hand",slow pan right,5.77,Tại sao lời xin lỗi thứ ba của bạn trong cuộc trò chuyện lại biến thành một lời bào chữa ích kỷ?
CH04_SC010,5:18,5:23,regret,conversational apologies,"Starting with a steady shot of a person standing in a spotlight in a dark room, head bowed down in regret, noir shadows background",slow push-in,5.25,"Khi chúng ta phạm sai lầm với một ai đó, phản xạ tự nhiên của cái tôi sẽ trỗi dậy."
CH04_SC020,5:23,5:29,regret,conversational apologies,"A close-up shot of a mouth speaking, with a speech bubble displaying the English word 'SORRY...' in a cracked minimal font",slow push-in,6.04,Chúng ta thường bắt đầu bằng câu: Tôi xin lỗi.
CH04_SC030,5:29,5:33,regret,conversational apologies,"Starting with the speech bubble, camera zooms out showing a wall of multiple speech bubbles stacking up and surrounding the person",slow push-in,3.41,Chúng ta làm vậy vì muốn đối phương hiểu hoàn cảnh của mình.
CH04_SC040,5:33,5:36,regret,conversational apologies,A slow camera panning right showing a person trying to push away a heavy black shadow wall with the text 'EXCUSES' written on it,slow push-in,3.67,"Nhưng thực tế, bộ não của bạn đang chơi một trò chơi ích kỷ."
CH04_SC050,5:36,5:41,regret,conversational apologies,"Starting with the shadow wall, camera zooms in showing a hand writing a long letter on yellowed paper under a single hanging lightbulb",slow push-in,5.25,Sự giải thích dông dài là cách cái tôi cố gắng giảm bớt cảm giác tội lỗi của chính nó.
CH04_SC060,5:41,5:45,regret,conversational apologies,"A steady shot of the calm narrator sitting in the studio, turning a page of a case study file, warm sepia lighting",slow push-in,3.41,Nó không phục vụ cho việc chữa lành vết thương của nạn nhân.
CH04_SC070,5:45,5:50,regret,conversational apologies,"Starting with the narrator, camera pans right showing a chalkboard with the English text 'APOLOGY FREQUENCY' written in white chalk",slow push-in,4.99,Giáo sư Alison Wood Brooks đã chỉ ra một sự thật phản trực giác trong giao tiếp hàng ngày.
CH04_SC080,5:50,5:55,regret,conversational apologies,"A close-up shot of an hourglass with sand running down rapidly, the glass reflecting a dim amber light, dark background",slow push-in,4.99,"Nếu bạn xin lỗi quá một hoặc hai lần trong một cuộc hội thoại, nó sẽ phản tác dụng."
CH04_SC090,5:55,6:02,regret,conversational apologies,"Starting with the hourglass, camera zooms out showing a hand tapping a desk impatiently next to it",slow push-in,6.82,Lời xin lỗi thứ ba trở đi không còn mang lại sự thành khẩn.
CH04_SC100,6:02,6:07,regret,conversational apologies,"A slow camera panning right showing an old courtroom bối cảnh với a long wooden bench, empty chairs, deep noir shadows",slow push-in,5.25,"Càng lặp lại lời xin lỗi, bạn càng hướng sự chú ý của đối phương quay lại lỗi lầm đó."
CH04_SC110,6:07,6:11,regret,conversational apologies,"Starting with the empty courtroom, camera zooms in on a folder labeled with the English text 'PAROLE RECORD' on a dark table",slow push-in,4.46,"Để hiểu sâu hơn, hãy nhìn vào dữ liệu từ một bối cảnh cực kỳ khốc liệt."
CH04_SC120,6:11,6:14,regret,conversational apologies,"A steady shot showing a panel of judges in silhouette sitting behind an elevated desk, lit by a cold white light from above",slow push-in,2.62,Các phiên điều trần xin đặc xá của tù nhân.
CH04_SC130,6:14,6:21,regret,conversational apologies,"Starting with the judges, camera pans down showing a prisoner silhouette standing before them, hands behind his back",slow push-in,6.82,Nhóm nghiên cứu của Brooks đã phân tích các cuộc đối thoại xin đặc xá thực tế.
CH04_SC140,6:21,6:28,regret,conversational apologies,"A close-up of a document showing a stamp with the English word 'DENIED' in bold red ink, aligned to the bottom-right corner",slow push-in,6.82,Những phạm nhân liên tục nói lời xin lỗi và thể hiện sự hối lỗi bằng lời nói không có tỷ lệ được thả
CH04_SC150,6:28,6:34,regret,conversational apologies,"Starting with the denied stamp, camera zooms out showing the prisoner looking down in silence",slow push-in,6.30,Cái lắc đầu của hội đồng đặc xá chứng minh lời xin lỗi trống rỗng không có giá trị pháp lý hay tâm l
CH04_SC160,6:34,6:40,regret,conversational apologies,A slow camera panning right showing another document displaying a structured flowchart labeled 'ACTION PLAN' in clean print,slow push-in,6.30,Điều duy nhất giúp họ được đặc xá là gì?
CH04_SC170,6:40,6:45,regret,conversational apologies,"Starting with the flowchart, camera zooms in showing a hand pointing to a step labeled with the English text 'CHANGE' on the document",slow push-in,4.72,Họ đã học được nghề gì trong tù?
CH04_SC180,6:45,6:51,regret,conversational apologies,"A steady shot showing a stamp with the English word 'APPROVED' in green ink on a document page, warm lighting",slow push-in,6.30,Hội đồng đặc xá chỉ phản hồi với những cam kết hành động có thể đo lường được.
CH04_SC190,6:51,6:55,regret,conversational apologies,"Starting with the approved stamp, camera pans right showing a person walking out of a steel gate into an open area with soft white light",slow push-in,3.94,Một lời xin lỗi chân thành thực chất không phải để xoa dịu quá khứ.
CH04_SC200,6:55,6:58,regret,conversational apologies,"A close-up shot of a hand rolling up a blueprint document, tying it with a simple brown string on a dark wooden table",slow push-in,3.15,Nó là bản kế hoạch hành động cụ thể cho tương lai.
CH04_SC210,6:58,7:02,regret,conversational apologies,"Starting with the blueprint, camera zooms out showing a person putting the roll in a bag, preparing to walk away",slow push-in,3.94,"Hãy nói lời xin lỗi tối đa hai lần, rồi im lặng và hành động."
CH04_SC220,7:02,7:09,regret,conversational apologies,"Starting with the bag, camera pans up showing the calm narrator looking at the camera with an analytical and thoughtful expression",slow push-in,6.82,Nhưng bẫy của cái tôi không dừng lại ở lời xin lỗi.
CH04_SC230a,7:09,7:14,regret,conversational apologies,"A steady close-up shot showing the calm narrator's hands placing a file folder on the dark desk, showing the starting phase of the action",slow push-in,5.25,Làm thế nào để bạn đối thoại với một người đang bảo vệ một quan điểm hoàn toàn sai lầm
CH04_SC230b,7:14,7:17,regret,conversational apologies,"Starting with the file folder, camera zooms out showing the studio background with a soft sepia glow, showing the progress of the action",slow push-in,2.36,mà không làm bùng nổ cự cãi căng thẳng?
CH05_SC010,7:17,7:20,defensive,conversational receptiveness,"Starting with a steady shot of a meeting table under a harsh overhead lamp, silhouette figures gesturing intensely, charcoal grey shadows",shot-reverse-shot,3.15,Hãy tưởng tượng bạn đang ở trong một cuộc họp công việc.
CH05_SC020,7:20,7:24,defensive,conversational receptiveness,"A close-up shot of a defensive colleague leaning forward, pointing slightly towards the camera with a firm and intense expression",shot-reverse-shot,4.20,Một đồng nghiệp đưa ra một đề xuất mà bạn thấy hoàn toàn không khả thi.
CH05_SC030,7:24,7:30,defensive,conversational receptiveness,"Starting with the colleague, camera zooms out showing the meeting table with a red line vector cracking the table surface in half",shot-reverse-shot,6.04,Phản xạ tự nhiên của bạn là cắt lời và tuyên bố ngay lập tức: Tôi không đồng ý với phương án đó.
CH05_SC040,7:30,7:34,defensive,conversational receptiveness,"A slow camera panning right showing a red bolt vector shooting from a silhouette mouth, striking another silhouette figure",shot-reverse-shot,3.41,Nước đi này giống như một phát súng khơi mào cho chiến tranh.
CH05_SC050,7:34,7:39,defensive,conversational receptiveness,"Starting with the red bolt, a close-up shot showing the face of a young man tensing up, with a crimson red light reflecting on his glasses",shot-reverse-shot,5.51,Hạch hạnh nhân trong não bộ của đối phương lập tức được kích hoạt sang chế độ tự vệ sinh học.
CH05_SC060,7:39,7:46,defensive,conversational receptiveness,"A steady shot of a minimalist 2D brain vector model on a dark background, with the amygdala region flashing bright red light with the amygdala region flashing aggressively in crimson red, dark charcoal grey background",shot-reverse-shot,6.82,Họ sẽ ngừng lắng nghe bạn.
CH05_SC070,7:46,7:52,defensive,conversational receptiveness,"Starting with the flashing brain, camera slowly zooms out showing a thick grey wall rising between two silhouette figures",shot-reverse-shot,6.04,Nghiên cứu về Sự tiếp nhận đối thoại của giáo sư Julia Minson tại Harvard đã mổ xẻ chính xác cơ chế 
CH05_SC080,7:52,7:58,defensive,conversational receptiveness,"A close-up shot of a person covering their ears with their hands, cast in deep charcoal grey shadow, with crimson highlight lines",shot-reverse-shot,6.56,"Khi bạn bắt đầu câu nói bằng cụm từ ""Tôi không đồng ý"", đối phương sẽ cảm thấy bản sắc của họ bị đe "
CH05_SC090,7:58,8:02,defensive,conversational receptiveness,"Starting with the covered ears, camera pans right showing a closed door with the English text 'RECEPTIVENESS' on a card hanging from the knob",shot-reverse-shot,3.41,Họ không còn nhìn nhận đây là một cuộc thảo luận công việc.
CH05_SC100,8:02,8:06,defensive,conversational receptiveness,A slow camera panning right showing the calm narrator writing on a digital screen displaying a diagram of 'FEELS vs THINKS',shot-reverse-shot,4.20,Bộ não của họ hiểu rằng đây là một cuộc chiến sinh tồn của cái tôi.
CH05_SC110,8:06,8:09,defensive,conversational receptiveness,"Starting with the diagram, camera zooms in showing the word 'FEELS' glowing in warm amber while 'THINKS' remains in dull grey",shot-reverse-shot,3.41,Cuộc đối thoại sụp đổ không phải vì sự khác biệt quan điểm.
CH05_SC120,8:09,8:14,defensive,conversational receptiveness,"A steady shot showing a balance scale with a feather on one side and a heavy block on the other, slowly leveling to a horizontal balance",shot-reverse-shot,4.72,Nó sụp đổ vì hạch hạnh nhân của cả hai bên đã đóng sập cánh cửa tiếp nhận.
CH05_SC130,8:14,8:20,defensive,conversational receptiveness,"Starting with the balance scale, camera zooms out showing a person watching it calmly, lit by a soft crimson light",shot-reverse-shot,5.51,Làm thế nào để đối thoại với một người đang bảo vệ một quan điểm sai lầm mà không cãi vã?
CH05_SC140,8:20,8:23,defensive,conversational receptiveness,"A close-up shot of a hand gently holding an open hand, illustrating support, charcoal grey shadow background",shot-reverse-shot,3.67,Bí quyết nằm ở một ranh giới tinh tế mà ít người nhận ra.
CH05_SC150,8:23,8:27,defensive,conversational receptiveness,"Starting with the hands, camera pans left showing a person nodding gently during a conversation",shot-reverse-shot,3.94,Đó là phân biệt giữa thừa nhận cảm xúc và đồng ý với nhận thức.
CH05_SC160,8:27,8:32,defensive,conversational receptiveness,"A slow camera panning right showing two silhouette figures sitting close and talking, with a warm crimson light glowing in the space between them",shot-reverse-shot,4.99,"Nhiều người sợ rằng nếu họ thừa nhận ý kiến của đối phương, họ sẽ trở nên nhu nhược."
CH05_SC170,8:32,8:36,defensive,conversational receptiveness,"Starting with the two figures, camera zooms in on a graphic vector of a shield dissolving into soft crimson particles",shot-reverse-shot,3.94,Họ nghĩ mình đang đồng ý với cái sai.
CH05_SC180,8:36,8:42,defensive,conversational receptiveness,"A close-up of a minimalist 2D brain vector model on a dark background, with neural paths glowing in soft slate blue light showing slate blue neural pathways lighting up slowly, replacing the flashing red amygdala",shot-reverse-shot,6.04,"Bạn có thể không đồng ý với suy nghĩ của họ, nhưng bạn hoàn toàn có thể xác nhận cảm xúc của họ."
CH05_SC190,8:42,8:48,defensive,conversational receptiveness,"Starting with the calm brain, camera zooms out showing a person sitting in front of a laptop, typing with a relaxed posture",shot-reverse-shot,5.77,"Khi đối phương đang giận dữ, hãy nói: Tôi hiểu dự án này đang mang lại áp lực rất lớn cho bạn."
CH05_SC200,8:48,8:52,defensive,conversational receptiveness,"A steady shot of a digital card showing the English text 'VALIDATION' aligned to the bottom-right corner, charcoal grey backdrop",shot-reverse-shot,4.20,Câu nói này không có nghĩa là bạn đồng ý với phương án tồi của họ.
CH05_SC210,8:52,8:56,defensive,conversational receptiveness,"Starting with the validation card, camera pans up slowly to show the calm narrator sitting behind his desk, holding an old leather-bound book",shot-reverse-shot,3.67,Nó chỉ có nghĩa là bạn thừa nhận thực tại cảm xúc của họ.
CH05_SC220,8:56,9:01,defensive,conversational receptiveness,A close-up shot showing the calm narrator's face as he turns a page of the book under the studio light,shot-reverse-shot,4.72,"Một khi cảm xúc được thừa nhận, hạch hạnh nhân của họ sẽ tự động hạ vũ khí."
CH05_SC230,9:01,9:07,defensive,conversational receptiveness,"Starting with the open book page, camera zooms out showing the desk surface with a soft crimson ambient light",shot-reverse-shot,6.56,"Bức tường tự vệ sụp đổ, và lúc đó vỏ não trước trán của họ mới sẵn sàng lắng nghe lập luận logic của"
CH05_SC240a,9:07,9:12,defensive,conversational receptiveness,"A steady medium shot showing the calm narrator speaking with a calm hand gesture, showing the starting phase of the action",shot-reverse-shot,5.25,Nhưng làm thế nào để chúng ta có đủ sự điềm tĩnh để tháo ngòi nổ cảm xúc của người
CH05_SC240b,9:12,9:16,defensive,conversational receptiveness,"Starting with the narrator, camera slowly pans left to a blackboard showing vector outlines of talking heads, showing the progress of the action",shot-reverse-shot,3.41,khác khi chính cái tôi của chúng ta cũng đang bị kích động?
CH05_SC250,9:16,9:22,defensive,conversational receptiveness,A close-up shot showing the blackboard chalk drawings fading under a soft spotlight,shot-reverse-shot,6.30,Lời giải đáp nằm ở sự giao thoa kỳ diệu giữa triết học Khắc kỷ phương Tây và trí tuệ Phật giáo phươn
CH06_SC010,9:22,9:27,tranquility,stoic and buddhist philosophy,"Starting with a steady shot of an ancient Roman stone wall under a night sky, with a single marble bust of Marcus Aurelius in a niche, deep slate blue background",slow pan left,4.99,"Khi ai đó phán xét hoặc tấn công bạn bằng lời nói, một phản xạ tự vệ trỗi dậy."
CH06_SC020,9:27,9:31,tranquility,stoic and buddhist philosophy,"A close-up shot of a hand writing with a quill on old parchment under a warm yellow candle light, showing neat cursive letters",slow pan left,3.94,"Bạn cảm thấy nóng bừng, muốn tranh đấu đến cùng để chứng minh mình đúng."
CH06_SC030,9:31,9:38,tranquility,stoic and buddhist philosophy,"Starting with the quill writing, camera slowly zooms out to show the journal page displaying the English text 'MEDITATIONS' in a clean font",slow pan left,6.82,"Lúc này, bạn đang rơi vào ảo tưởng lớn nhất của cái tôi."
CH06_SC040,9:38,9:42,tranquility,stoic and buddhist philosophy,"A steady shot showing a brass pocket compass, the needle pointing steadily towards the North on a golden face resting on top of the old journal page, with the golden candle light reflecting on its brass casing",slow pan left,4.46,Triết học Khắc kỷ đưa ra một ranh giới giải thoát mang tên Phân đôi kiểm soát.
CH06_SC050,9:42,9:49,tranquility,stoic and buddhist philosophy,"Starting with the compass, camera pans right showing a stone archway leading into a quiet empty courtyard under a starry night sky",slow pan left,6.30,"Hoàng đế Marcus Aurelius từng viết rằng: Bạn có quyền kiểm soát tâm trí của mình, chứ không phải các"
CH06_SC060,9:49,9:54,tranquility,stoic and buddhist philosophy,"A slow camera panning left showing a stone statue of Buddha sitting in meditation in the desert, sand blowing gently around the base",slow pan left,5.25,Phán xét của người khác là sự kiện bên ngoài.
CH06_SC070,9:54,10:00,tranquility,stoic and buddhist philosophy,"Starting with the Buddha statue, camera zooms in on the quiet face of the statue, with a soft emerald green light reflecting on the stone forehead",slow pan left,6.56,"Trong trí tuệ phương Đông, Đức Phật dạy về tâm Vô ngã."
CH06_SC080,10:00,10:06,tranquility,stoic and buddhist philosophy,"A close-up of a single water drop falling into a calm pond, creating gentle ripples that expand outwards, deep slate blue background",slow pan left,5.25,Lời nói của người khác sẽ không còn đòn bẩy nào để móc vào và kéo đổ tâm trí bạn.
CH06_SC090,10:06,10:09,tranquility,stoic and buddhist philosophy,"Starting with the water drop, camera zooms out showing a person sitting in meditation on a wooden deck next to the pond",slow pan left,3.41,Sự tự tại tối thượng không phải là bạn trở nên vô cảm.
CH06_SC100a,10:09,10:14,tranquility,stoic and buddhist philosophy,"A slow camera panning right showing a graphic illustration of an outline figure fading into a starry background, representing non-self, showing the starting phase of the action",slow pan left,5.25,"Đó là khi bạn nhìn rõ cơn bão cảm xúc của đối phương, hiểu rằng nó thuộc về họ, và"
CH06_SC100b,10:14,10:16,tranquility,stoic and buddhist philosophy,"Starting with the fading figure, camera zooms in showing a slate blue brain vector model with neural pathways glowing in soft emerald green, showing the progress of the action",slow pan left,1.84,điềm tĩnh đứng ngoài cuộc chiến đó.
CH06_SC110,10:16,10:20,tranquility,stoic and buddhist philosophy,"A steady shot showing the calm narrator holding up the old journal, pointing to a page with a warm and gentle smile",slow pan left,3.41,Chúng tôi không khuyên bạn buông bỏ cái tôi một cách giáo điều.
CH06_SC120,10:20,10:26,tranquility,stoic and buddhist philosophy,"Starting with the narrator, camera pans right showing a chalkboard with the English text 'IT MAKES SENSE' written in clean bold letters",slow pan left,6.04,Khoa học chứng minh việc xả ly cái tôi muốn thắng giúp tiết kiệm tối đa năng lượng cho vỏ não trước 
CH06_SC130,10:26,10:30,tranquility,stoic and buddhist philosophy,"A close-up shot of a hand writing the English words 'THAT YOU FEEL' on the chalkboard, with green chalk dust falling down",slow pan left,4.72,"Lúc này, bạn có thể thực hành sự thấu cảm bằng công thức Validation thực chứng của Harvard."
CH06_SC140,10:30,10:34,tranquility,stoic and buddhist philosophy,"Starting with the chalkboard, camera zooms out showing the complete sentence 'IT MAKES SENSE THAT YOU FEEL' highlighted by a soft spotlight",slow pan left,3.41,Khi ai đó đang tức giận hoặc lo lắng vì một bất đồng.
CH06_SC150a,10:34,10:39,tranquility,stoic and buddhist philosophy,"A slow camera panning left showing a person nodding and listening to a colleague, a warm emerald green light connecting their silhouettes, showing the starting phase of the action",slow pan left,5.25,"Thay vì phản bác nhận thức của họ, hãy dùng câu nói: Mọi chuyện hoàn toàn có lý khi bạn"
CH06_SC150b,10:39,10:41,tranquility,stoic and buddhist philosophy,"Starting with the two silhouettes, camera zooms in on a graphic vector of a knot untying itself smoothly, showing the progress of the action",slow pan left,2.10,cảm thấy như vậy trong hoàn cảnh này.
CH06_SC160,10:41,10:48,tranquility,stoic and buddhist philosophy,"A close-up shot of a person's chest relaxing, breathing out slowly, deep slate blue background",slow pan left,6.56,Tiếng Anh gọi là: It makes sense that you feel this way.
CH06_SC170,10:48,10:55,tranquility,stoic and buddhist philosophy,"Starting with the chest relaxing, camera pans down showing the brass pocket compass on the desk, the needle resting steadily on North",slow pan left,6.82,Bạn không xác nhận suy nghĩ của họ là đúng.
CH06_SC180,10:55,10:59,tranquility,stoic and buddhist philosophy,"Starting with the compass, camera pans up to show the calm narrator clasping his hands together on the desk, ready to conclude",slow pan left,4.72,"Khi cảm nhận được sự tôn trọng này, đối phương sẽ tự động hạ vũ khí phòng vệ."
CH06_SC190,10:59,11:04,tranquility,stoic and buddhist philosophy,A steady close-up shot showing the calm narrator looking into the camera lens with a calm expression,slow pan left,4.46,Và đó là lúc chiếc la bàn giao tiếp của cả hai tìm thấy trục cân bằng.
CH06_SC200,11:04,11:10,tranquility,stoic and buddhist philosophy,"Starting with the narrator's face, camera zooms out showing the dark wooden desk in the dimly lit studio",slow pan left,6.30,Nhưng làm thế nào để chúng ta đưa tất cả những tri thức khoa học và triết học này vào đời sống hàng 
CH06_SC210,11:10,11:14,tranquility,stoic and buddhist philosophy,"A steady medium shot showing the calm narrator speaking slowly, soft emerald green light reflecting in the studio background",slow pan left,3.67,Hãy cùng thiết lập một bản kế hoạch hành động ba bước dứt khoát.
CH07_SC010,11:14,11:20,empowered,actionable steps,"Starting with a steady shot of a dark mahogany desk, three glowing golden circles displaying the English icons 'REAPPRAISAL', 'LIMIT APOLOGY', 'VALIDATE'",slow zoom-in,6.56,"Để đưa những khám phá khoa học này vào đời sống của bạn, hãy bắt đầu rèn luyện bản kế hoạch ba bước "
CH07_SC020,11:20,11:22,empowered,actionable steps,"A close-up shot showing a hand placing a document labeled 'DAILY PRACTICE' on the desk, warm mahogany background",slow zoom-in,2.10,"Bước thứ nhất, tái cấu trúc nỗi sợ."
CH07_SC030,11:22,11:27,empowered,actionable steps,"Starting with the document, camera zooms out showing a person sitting at the desk, writing down notes with a calm focus",slow zoom-in,4.99,Mỗi khi bạn chuẩn bị bước vào một cuộc giao tiếp áp lực và cảm thấy tim đập nhanh.
CH07_SC040,11:27,11:34,empowered,actionable steps,"A slow camera panning right showing a graphic timeline with three checkpoints labeled 'STEP 1', 'STEP 2', 'STEP 3' in clean print",slow zoom-in,6.82,Hãy tự nói với bản thân: Tôi đang phấn khích.
CH07_SC050,11:34,11:37,empowered,actionable steps,"Starting with the timeline, camera zooms in showing a person looking at a mirror, with a steady golden light reflecting on their face",slow zoom-in,2.62,"Bước thứ hai, quy tắc giới hạn lời xin lỗi."
CH07_SC060,11:37,11:41,empowered,actionable steps,"A steady shot of a brass pocket compass, the needle pointing steadily towards the North on a golden face lying on the mahogany desk, the brass casing glowing warmly, the needle pointing due North",slow zoom-in,4.46,"Khi phạm lỗi, hãy nói lời xin lỗi tối đa hai lần trong một cuộc trò chuyện."
CH07_SC070,11:41,11:45,empowered,actionable steps,"Starting with the steady compass, camera slowly zooms out showing a notebook next to it with the English text 'DIRECTION' in clean bold print",slow zoom-in,3.41,Hãy cắt bỏ hoàn toàn phần giải thích dài dòng của cái tôi.
CH07_SC080,11:45,11:50,empowered,actionable steps,"A close-up shot of a hand picking up the compass from the desk, showing a firm and confident grip, dark background",slow zoom-in,5.25,"Thay vào đó, hãy đưa ra một cam kết hành động thay đổi cụ thể và có thể đo lường."
CH07_SC090,11:50,11:53,empowered,actionable steps,"Starting with the hand holding the compass, camera pans right showing the closed oak door from Chapter 1, now lit by a warm golden light",slow zoom-in,3.15,"Bước thứ ba, thừa nhận thực tại cảm xúc của đối phương."
CH07_SC100,11:53,11:59,empowered,actionable steps,"A slow camera panning right showing a person standing before the oak door, looking at it with a calm and ready expression",slow zoom-in,5.77,"Khi gặp ý kiến trái chiều, hãy dùng công thức: Điều đó hoàn toàn có lý khi bạn cảm thấy như vậy."
CH07_SC110,11:59,12:06,empowered,actionable steps,"Starting with the person, camera zooms in showing a hand reaching out and turning the brass doorknob of the oak door",slow zoom-in,6.82,Nước đi này sẽ hóa giải hạch hạnh nhân đang cảnh giác của đối phương.
CH07_SC120,12:06,12:10,empowered,actionable steps,"A steady shot showing the oak door slowly opening, revealing a warm golden light and silhouettes of people mingling inside a bright hall",slow zoom-in,4.20,Nếu bạn thấy những phân tích khoa học này giúp bạn nhìn nhận lại bản thân.
CH07_SC130,12:10,12:15,empowered,actionable steps,"Starting with the opening door, camera pans right showing the person stepping through the doorway into the golden light",slow zoom-in,5.25,Hãy nhấn đăng ký kênh để tiếp tục đồng hành cùng chúng tôi trong những số phát sóng tiếp theo.
CH07_SC140,12:15,12:21,empowered,actionable steps,"A close-up shot showing the face of the person smiling gently, with no tension or fear, looking around the bright room",slow zoom-in,6.30,"Bây giờ, hãy nhìn lại chiếc la bàn bỏ túi bằng đồng trên bàn."
CH07_SC150,12:21,12:26,empowered,actionable steps,"Starting with the smiling face, camera zooms out showing a large clean mirror on the wall of the hall, reflecting the room and the person",slow zoom-in,4.99,Nó đã tìm thấy trục định vị của riêng mình.
CH07_SC160,12:26,12:33,empowered,actionable steps,"A slow camera panning right showing the mirror reflection, with the room fading into a steady golden light, leaving a single calm silhouette",slow zoom-in,6.82,Hãy quay lại cảnh tượng ở chương đầu tiên.
CH07_SC170,12:33,12:39,empowered,actionable steps,"Starting with the mirror reflection, a close-up shot of the mirror surface showing gentle golden ripples, before fading slowly to absolute black",slow zoom-in,5.51,Liệu bạn có bước vào không?
CH07_SC180,12:39,12:43,empowered,actionable steps,"A steady shot of the final black screen, with the English text 'FIND YOUR CENTER' fading in slowly in a clean golden font",slow zoom-in,4.72,Đó là tín hiệu cơ thể bạn đã sẵn sàng để kết nối.
CH07_SC190,12:43,12:49,empowered,actionable steps,"Starting with the text overlay, camera zooms out slowly as the light fades completely, dark mahogany background",slow zoom-in,5.25,"Nhưng bạn không bước vào để trình diễn, hay để kiểm soát xem người khác có thích mình hay không."
CH07_SC200,12:49,12:54,empowered,actionable steps,A close-up shot showing a hand placing the brass pocket compass into a velvet pouch on the table,slow zoom-in,5.51,"Bạn bước vào để lắng nghe, thừa nhận thực tại của họ, và buông bỏ sự phán xét của chính mình."
CH07_SC210,12:54,12:59,empowered,actionable steps,"Starting with the velvet pouch, camera pans up slowly to a final empty wooden desk under a warm spotlight",slow zoom-in,5.25,"Rốt cuộc, giao tiếp xã hội không phải là đấu trường để bạn chứng minh giá trị của cái tôi."
CH07_SC220,12:59,13:06,empowered,actionable steps,A steady medium shot showing the empty studio desk as the spotlight fades slowly to black,slow zoom-in,6.56,Nó là tấm gương soi chiếu thế giới nội tâm của chính bạn.
